[
    {
        "codTaller": 7445,
        "aixis": 7445,
        "nit": "890.942.310-1",
        "nombre": "AYURA MOTOR S.A.",
        "direccion": "Cra. 101 No. 96 - 49",
        "ciudad": "APARTADO",
        "cod ciudad": 5045,
        "email": " ",
        "telefono": "(4) 828 06 06",
        "sucursal": "1"
    },
    {
        "codTaller": 5540,
        "aixis": 5540,
        "nit": "816.003.186-5",
        "nombre": "COMERCIALIZADORA HOMAZ S.A.S. - CAMINOS",
        "direccion": "Av. Bolivar # 23 N 46",
        "ciudad": "ARMENIA",
        "cod ciudad": 63001,
        "email": " ",
        "telefono": "(6) 731 40 90",
        "sucursal": "1"
    },
    {
        "codTaller": 5480,
        "aixis": 5480,
        "nit": "802.012.828-2",
        "nombre": "AUTOMOTORES DEL LITORAL S.A. - AUTOLITORAL",
        "direccion": "Calle 110 Av. Circunvalar N° 43 508 ",
        "ciudad": "BARRANQUILLA",
        "cod ciudad": 8001,
        "email": " ",
        "telefono": "(5) 319 96 00",
        "sucursal": "1"
    },
    {
        "codTaller": 5613,
        "aixis": 5613,
        "nit": "800.218.155-2",
        "nombre": "COUNTRY MOTORS S.A.",
        "direccion": "Clle. 77 No. 66-07",
        "ciudad": "BARRANQUILLA",
        "cod ciudad": 8001,
        "email": " ",
        "telefono": 3205421905,
        "sucursal": "1"
    },
    {
        "codTaller": 5612,
        "aixis": 5612,
        "nit": "800.218.155-2",
        "nombre": "COUNTRY MOTORS S.A.",
        "direccion": "Clle. 30 No 3D - 42",
        "ciudad": "BARRANQUILLA",
        "cod ciudad": 8001,
        "email": " ",
        "telefono": 3205421905,
        "sucursal": "1"
    },
    {
        "codTaller": 5857,
        "aixis": 5857,
        "nit": "890.403.068-1",
        "nombre": "VEHÍCULOS DE LA COSTA S.A.S - VEHICOSTA S.A.S.",
        "direccion": "Via 40 cr 53 b 39-01",
        "ciudad": "BARRANQUILLA",
        "cod ciudad": 8001,
        "email": " ",
        "telefono": "(5) 651 73 33",
        "sucursal": "1"
    },
    {
        "codTaller": 7520,
        "aixis": 7520,
        "nit": "900.478.977-7",
        "nombre": "ALL CAR S.A.S.",
        "direccion": "Cra 22 # 178-51",
        "ciudad": "BOGOTA",
        "cod ciudad": 11001,
        "email": " ",
        "telefono": 3176450941,
        "sucursal": "1"
    },
    {
        "codTaller": 5475,
        "aixis": 5475,
        "nit": "830.115.079-7",
        "nombre": "AUTO GRANDE S.A.",
        "direccion": "Autopista Sur # 59 A 91 ",
        "ciudad": "BOGOTA",
        "cod ciudad": 11001,
        "email": " ",
        "telefono": "(1) 596 87 77",
        "sucursal": "1"
    },
    {
        "codTaller": 5510,
        "aixis": 5510,
        "nit": "860.069.497-4",
        "nombre": "AUTONIZA S.A.",
        "direccion": "AV. CLLE.  170 NO. 69-80",
        "ciudad": "BOGOTA",
        "cod ciudad": 11001,
        "email": " ",
        "telefono": 6016289999,
        "sucursal": "1"
    },
    {
        "codTaller": 5509,
        "aixis": 5509,
        "nit": "860.069.497-4",
        "nombre": "AUTONIZA S.A.",
        "direccion": "Autopista Medellín KM 2.5 costado Sur Vía Siberia ",
        "ciudad": "BOGOTA",
        "cod ciudad": 11001,
        "email": " ",
        "telefono": 6016289999,
        "sucursal": "1"
    },
    {
        "codTaller": 7322,
        "aixis": 7322,
        "nit": "860.069.497-4",
        "nombre": "AUTONIZA S.A.",
        "direccion": "CALLE 164 # 19 B 21",
        "ciudad": "BOGOTA",
        "cod ciudad": 11001,
        "email": " ",
        "telefono": 6016289999,
        "sucursal": "1"
    },
    {
        "codTaller": 7519,
        "aixis": 7519,
        "nit": "860.069.497-4",
        "nombre": "AUTONIZA S.A.",
        "direccion": "AV AMERICAS # 31 17",
        "ciudad": "BOGOTA",
        "cod ciudad": 11001,
        "email": " ",
        "telefono": 6016289999,
        "sucursal": "1"
    },
    {
        "codTaller": 5583,
        "aixis": 5583,
        "nit": "860.032.115-6",
        "nombre": "CENTRO AUTOMOTOR DIESEL S.A. - CENTRODIESEL",
        "direccion": "Clle. 13 No. 68B-11",
        "ciudad": "BOGOTA",
        "cod ciudad": 11001,
        "email": " ",
        "telefono": "(1) 413 67 97",
        "sucursal": "1"
    },
    {
        "codTaller": 5609,
        "aixis": 5609,
        "nit": "860.015.118-6",
        "nombre": "CONTINAUTOS S.A.S.",
        "direccion": "Crr 68 B # 17-95",
        "ciudad": "BOGOTA",
        "cod ciudad": 11001,
        "email": " ",
        "telefono": "447 38 00 EXT  15 55",
        "sucursal": "1"
    },
    {
        "codTaller": 5503,
        "aixis": 5503,
        "nit": "800.110.970-3",
        "nombre": "AUTOMOTORES SAN JORGE S.A.",
        "direccion": "Calle 13 No. 38 -91",
        "ciudad": "BOGOTÁ",
        "cod ciudad": 11001,
        "email": " ",
        "telefono": "3759999 ext 310",
        "sucursal": "1"
    },
    {
        "codTaller": 5542,
        "aixis": 554202,
        "nit": "800.035.606-6",
        "nombre": "CAMPESA S.A.",
        "direccion": "Cra. 16 No. 45 - 64",
        "ciudad": "BUCARAMANGA  ",
        "cod ciudad": 68001,
        "email": " ",
        "telefono": "(7) 6 43 2721",
        "sucursal": "1"
    },
    {
        "codTaller": 5542,
        "aixis": 554201,
        "nit": "800.035.606-6",
        "nombre": "CAMPESA S.A.",
        "direccion": "Anillo Vial KM 2.3 Vía Girón",
        "ciudad": "BUCARAMANGA  ",
        "cod ciudad": 68001,
        "email": " ",
        "telefono": "(7) 643 27 21",
        "sucursal": "1"
    },
    {
        "codTaller": 5593,
        "aixis": 5593,
        "nit": "890.203.023-0",
        "nombre": "COMPAÑÍA AUTOMOTRIZ DIESEL SOCIEDAD ANÓNIMA CODIESEL S.A.",
        "direccion": "Km. 7 Via Giron",
        "ciudad": "BUCARAMANGA  ",
        "cod ciudad": 68001,
        "email": " ",
        "telefono": "(7) 646 86 06",
        "sucursal": "1"
    },
    {
        "codTaller": 5514,
        "aixis": 5514,
        "nit": "890.327.282-7",
        "nombre": "AUTO PACIFICO S.A.",
        "direccion": "Cra 7 No 34-136",
        "ciudad": "CALI ",
        "cod ciudad": 76001,
        "email": " ",
        "telefono": "(2) 485 40 00",
        "sucursal": "1"
    },
    {
        "codTaller": 7435,
        "aixis": 7435,
        "nit": "890.327.282-7",
        "nombre": "AUTO PACIFICO S.A.",
        "direccion": "Cra. 43 No. 9 A 27",
        "ciudad": "CALI ",
        "cod ciudad": 76001,
        "email": " ",
        "telefono": "(2) 551 77 77 ",
        "sucursal": "1"
    },
    {
        "codTaller": 6608,
        "aixis": 6608,
        "nit": "800.029.569-7",
        "nombre": "AUTOSUPERIOR S.A.S.",
        "direccion": "Clle. 15 No. 36-101 ACOPI (Jumbo)",
        "ciudad": "CALI ",
        "cod ciudad": 76001,
        "email": " ",
        "telefono": "(2) 664 42 28",
        "sucursal": "1"
    },
    {
        "codTaller": 5522,
        "aixis": 5522,
        "nit": "800.029.569-7",
        "nombre": "AUTOSUPERIOR S.A.S.",
        "direccion": "Cra 1 D No. 44- 36",
        "ciudad": "CALI ",
        "cod ciudad": 76001,
        "email": " ",
        "telefono": "(2) 683 85 05",
        "sucursal": "1"
    },
    {
        "codTaller": 5481,
        "aixis": 5481,
        "nit": "860.056.330-7",
        "nombre": "COMERCIALIZADORA DE AUTOS MARCALI S.A.S. - AUTOMARCALI",
        "direccion": "Av. Paso Ancho No. 70-74",
        "ciudad": "CALI ",
        "cod ciudad": 76001,
        "email": " ",
        "telefono": "(2) 330 96 00",
        "sucursal": "1"
    },
    {
        "codTaller": 7290,
        "aixis": 7290,
        "nit": "860.056.330-7",
        "nombre": "COMERCIALIZADORA DE AUTOS MARCALI S.A.S. - AUTOMARCALI",
        "direccion": "Carrera 4 # 24 - 89",
        "ciudad": "CALI ",
        "cod ciudad": 76001,
        "email": " ",
        "telefono": "(2) 330 96 00",
        "sucursal": "1"
    },
    {
        "codTaller": 5858,
        "aixis": 5858,
        "nit": "890.403.068-1",
        "nombre": "VEHÍCULOS DE LA COSTA S.A.S - VEHICOSTA S.A.S.",
        "direccion": "Pie del Cerro , Clle. 30 No. 18A-04 ",
        "ciudad": "CARTAGENA ",
        "cod ciudad": 13001,
        "email": " ",
        "telefono": "(5) 651 73 33",
        "sucursal": "1"
    },
    {
        "codTaller": 7455,
        "aixis": 7455,
        "nit": "890.403.068-1",
        "nombre": "VEHÍCULOS DE LA COSTA S.A.S - VEHICOSTA S.A.S.",
        "direccion": "Barrio bosques Dig. 21 D  54-76 Calle Nápoles",
        "ciudad": "CARTAGENA ",
        "cod ciudad": 13001,
        "email": " ",
        "telefono": "(5) 651 73 33",
        "sucursal": "1"
    },
    {
        "codTaller": 7211,
        "aixis": 7211,
        "nit": "800.035.606-6",
        "nombre": "CAMPESA S.A.",
        "direccion": "Av Libertadores N° 3 - 86 ",
        "ciudad": "CUCUTA",
        "cod ciudad": 54001,
        "email": " ",
        "telefono": "(7) 643 27 21",
        "sucursal": "1"
    },
    {
        "codTaller": 6474,
        "aixis": 6474,
        "nit": "890.203.023-0",
        "nombre": "COMPAÑÍA AUTOMOTRIZ DIESEL SOCIEDAD ANÓNIMA CODIESEL S.A.",
        "direccion": "Margen derecho Anillo vial (Bocono)",
        "ciudad": "CUCUTA",
        "cod ciudad": 54001,
        "email": " ",
        "telefono": "(7) 570 88 45",
        "sucursal": "1"
    },
    {
        "codTaller": 6888,
        "aixis": 6888,
        "nit": "890.700.179-2",
        "nombre": "COMPAÑÍA AUTOMOTORA DEL TOLIMA - COLTOLIMA LTDA.",
        "direccion": "Cra 24 # 9 - 33",
        "ciudad": "GIRARDOT",
        "cod ciudad": 54001,
        "email": " ",
        "telefono": 3168302727,
        "sucursal": "1"
    },
    {
        "codTaller": 5598,
        "aixis": 559802,
        "nit": "890.700.179-2",
        "nombre": "COMPAÑÍA AUTOMOTORA DEL TOLIMA - COLTOLIMA LTDA.",
        "direccion": "KM 4 vía Mirolindo ",
        "ciudad": "IBAGUE",
        "cod ciudad": 73001,
        "email": " ",
        "telefono": 3158702006,
        "sucursal": "1"
    },
    {
        "codTaller": 5598,
        "aixis": 559801,
        "nit": "890.700.179-2",
        "nombre": "COMPAÑÍA AUTOMOTORA DEL TOLIMA - COLTOLIMA LTDA.",
        "direccion": "Cra. 5 No. 19-11  ",
        "ciudad": "IBAGUE",
        "cod ciudad": 73001,
        "email": " ",
        "telefono": 3176547330,
        "sucursal": "1"
    },
    {
        "codTaller": 5624,
        "aixis": 5624,
        "nit": "811.006.409-8",
        "nombre": "DIESEL ANDINO S.A.",
        "direccion": "Autopista  Sur Cra. 42 No. 33 - 50 ",
        "ciudad": "ITAGUI",
        "cod ciudad": 5360,
        "email": " ",
        "telefono": "(4) 374 09 09",
        "sucursal": "1"
    },
    {
        "codTaller": 5562,
        "aixis": 5562,
        "nit": "890.801.770-1",
        "nombre": "CASA RESTREPO S.A.",
        "direccion": "Cll 84 No 26-71 Expoferias",
        "ciudad": "MANIZALES",
        "cod ciudad": 17001,
        "email": " ",
        "telefono": "(6) 884 12 29",
        "sucursal": "1"
    },
    {
        "codTaller": 5435,
        "aixis": 543501,
        "nit": "890.913.902-6",
        "nombre": "ANTIOQUEÑA DE AUTOMOTORES Y REPUESTOS S.A. - ANDAR S.A.",
        "direccion": "Clle 27 # 43F - 50",
        "ciudad": "MEDELLIN ",
        "cod ciudad": 5001,
        "email": " ",
        "telefono": "(4 ) 444 18 00",
        "sucursal": "1"
    },
    {
        "codTaller": 5435,
        "aixis": 543502,
        "nit": "890.913.902-6",
        "nombre": "ANTIOQUEÑA DE AUTOMOTORES Y REPUESTOS S.A. - ANDAR S.A.",
        "direccion": "Clle. 30  No. 44 - 148",
        "ciudad": "MEDELLIN ",
        "cod ciudad": 5001,
        "email": " ",
        "telefono": "(4) 261 13 03",
        "sucursal": "1"
    },
    {
        "codTaller": 5435,
        "aixis": 543503,
        "nit": "890.913.902-6",
        "nombre": "ANTIOQUEÑA DE AUTOMOTORES Y REPUESTOS S.A. - ANDAR S.A.",
        "direccion": "Cr 77 # 28-13",
        "ciudad": "MEDELLIN ",
        "cod ciudad": 5001,
        "email": " ",
        "telefono": "(4 ) 444 18 01",
        "sucursal": "1"
    },
    {
        "codTaller": 5479,
        "aixis": 5479,
        "nit": "890.900.081-8",
        "nombre": "AUTOLARTE S.A.S.",
        "direccion": "Autopista Sur  Cra. 42 No. 85-05",
        "ciudad": "MEDELLIN ",
        "cod ciudad": 5001,
        "email": " ",
        "telefono": "(4) 378 62 00",
        "sucursal": "1"
    },
    {
        "codTaller": 6798,
        "aixis": 6798,
        "nit": "890.942.310-1",
        "nombre": "AYURA MOTOR S.A.",
        "direccion": "AV LAS VEGAS Cra. 48 No. 26 SUR -27 Envig.",
        "ciudad": "MEDELLIN ",
        "cod ciudad": 5001,
        "email": " ",
        "telefono": "(4) 332 11 00",
        "sucursal": "1"
    },
    {
        "codTaller": 5611,
        "aixis": 5611,
        "nit": "800.218.155-2",
        "nombre": "COUNTRY MOTORS S.A.",
        "direccion": "Km. 3 Via a Cereté",
        "ciudad": "MONTERIA",
        "cod ciudad": 23001,
        "email": " ",
        "telefono": 3205421905,
        "sucursal": "1"
    },
    {
        "codTaller": 7250,
        "aixis": 7250,
        "nit": "860.032.115-6",
        "nombre": "CD AUTOSHOP",
        "direccion": "Cra 5 # 26sur 16 Zona Industrial (Frente a Molino Roa)",
        "ciudad": "NEIVA",
        "cod ciudad": 41001,
        "email": " ",
        "telefono": "(8) 8631198",
        "sucursal": "1"
    },
    {
        "codTaller": 6771,
        "aixis": 6771,
        "nit": "890.327.282-7",
        "nombre": "AUTO PACIFICO S.A.",
        "direccion": "CALLE 42 # 49-143",
        "ciudad": "PALMIRA",
        "cod ciudad": 76520,
        "email": " ",
        "sucursal": "1"
    },
    {
        "codTaller": 7484,
        "aixis": 7484,
        "nit": "890.327.282-7",
        "nombre": "AUTO PACIFICO S.A.",
        "direccion": "CALLE 4 #26-105",
        "ciudad": "PASTO",
        "cod ciudad": 52001,
        "email": " ",
        "telefono": "(2 )485 30 20",
        "sucursal": "1"
    },
    {
        "codTaller": 5523,
        "aixis": 5523,
        "nit": "800.029.569-7",
        "nombre": "AUTOSUPERIOR S.A.S.",
        "direccion": "Clle. 12 N. 4 - 210 B Chapal",
        "ciudad": "PASTO",
        "cod ciudad": 52001,
        "email": " ",
        "telefono": "(2) 721 32 00",
        "sucursal": "1"
    },
    {
        "codTaller": 5860,
        "aixis": 5860,
        "nit": "816.003.186-5",
        "nombre": "COMERCIALIZADORA HOMAZ S.A.S. - CAMINOS",
        "direccion": "Av. 30 de Agosto No 94-165 Sector Belmonte",
        "ciudad": "PEREIRA",
        "cod ciudad": 66001,
        "email": " ",
        "telefono": "(6) 313 50 00",
        "sucursal": "1"
    },
    {
        "codTaller": 7268,
        "aixis": 7268,
        "nit": "890.327.282-7",
        "nombre": "AUTO PACIFICO S.A.",
        "direccion": "CRA 9 # 22N-53",
        "ciudad": "POPAYAN",
        "cod ciudad": 19001,
        "email": " ",
        "telefono": "(2 )485 30 20",
        "sucursal": "1"
    },
    {
        "codTaller": 7199,
        "aixis": 7199,
        "nit": "800.218.155-2",
        "nombre": "COUNTRY MOTORS S.A.",
        "direccion": "Calle 15 Cra 22 Salida troncal del Caribe",
        "ciudad": "RIOHACHA ",
        "cod ciudad": 44001,
        "email": " ",
        "telefono": 3205421905,
        "sucursal": "1"
    },
    {
        "codTaller": 5478,
        "aixis": 5478,
        "nit": "890.900.081-8",
        "nombre": "AUTOLARTE S.A.S.",
        "direccion": "Cra. 50 No. 44A-32",
        "ciudad": "RIONEGRO",
        "cod ciudad": 5615,
        "email": " ",
        "telefono": "(4) 5311011 ",
        "sucursal": "1"
    },
    {
        "codTaller": 5496,
        "aixis": 5496,
        "nit": "802.012.828-2",
        "nombre": "AUTOMOTORES DEL LITORAL S.A. - AUTOLITORAL",
        "direccion": "Clle. 23 No. 4-78 ",
        "ciudad": "SANTA MARTA",
        "cod ciudad": 47001,
        "email": " ",
        "telefono": "(5) 435 17 35",
        "sucursal": "1"
    },
    {
        "codTaller": 5614,
        "aixis": 5614,
        "nit": "800.218.155-2",
        "nombre": "COUNTRY MOTORS S.A.",
        "direccion": "Clle. 38 No 5- 236 ",
        "ciudad": "SINCELEJO",
        "cod ciudad": 70001,
        "email": " ",
        "telefono": 3205421905,
        "sucursal": "1"
    },
    {
        "codTaller": 6857,
        "aixis": 6857,
        "nit": "901.112.920-0",
        "nombre": "AUTOS Y CAMIONES DE BOYACA S.A.S. - DISAUTOS",
        "direccion": "Carrera 11 No. 29 - 45",
        "ciudad": "SOGAMOSO",
        "cod ciudad": 15759,
        "email": " ",
        "telefono": "(8) 740 54 00",
        "sucursal": "1"
    },
    {
        "codTaller": 6714,
        "aixis": 6714,
        "nit": "890.327.282-7",
        "nombre": "AUTO PACIFICO S.A.",
        "direccion": "Calle 50&nbsp; No. 40 – 15 ",
        "ciudad": "TULUA",
        "cod ciudad": 76834,
        "email": " ",
        "telefono": "(2) 485 30 00",
        "sucursal": "1"
    },
    {
        "codTaller": 5625,
        "aixis": 5625,
        "nit": "901.112.920-0",
        "nombre": "AUTOS Y CAMIONES DE BOYACA S.A.S. - DISAUTOS",
        "direccion": "Av. Norte. No. 34-35",
        "ciudad": "TUNJA",
        "cod ciudad": 15001,
        "email": " ",
        "telefono": "(8) 740 54 00",
        "sucursal": "1"
    },
    {
        "codTaller": 5688,
        "aixis": 568802,
        "nit": "892.301.158-3",
        "nombre": "GUTIÉRREZ DANGÓND LTDA. MARAUTOS",
        "direccion": "Cra. 7A No. 22-107",
        "ciudad": "VALLEDUPAR",
        "cod ciudad": 20001,
        "email": " ",
        "telefono": "(5) 582 19 58",
        "sucursal": "1"
    },
    {
        "codTaller": 5687,
        "aixis": 5687,
        "nit": "830.039.537-3",
        "nombre": "AUTOMOTORES LLANO GRANDE S.A.",
        "direccion": "Anillo Vial Cll 1 N° 39 01 ",
        "ciudad": "VILLAVICENCIO",
        "cod ciudad": 50001,
        "email": " ",
        "telefono": "(8) 661 43 33",
        "sucursal": "1"
    },
    {
        "codTaller": 5688,
        "aixis": 568801,
        "nit": "830.039.537-3",
        "nombre": "AUTOMOTORES LLANO GRANDE S.A.",
        "direccion": "CRA 20 # 30 - 41",
        "ciudad": "YOPAL",
        "cod ciudad": 85001,
        "email": " ",
        "telefono": "(8) 632 29 00"
    }
]